iter,candidate_fit,best_fit,accepted,len
0,0.0000,0.0000,0,9
1,0.0000,0.0000,0,10
2,0.0000,0.0000,0,9
3,0.0000,0.0000,0,9
4,-10790.6500,0.0000,0,9
5,0.0000,0.0000,0,9
6,0.0000,0.0000,0,9
7,0.0000,0.0000,0,10
8,-10790.6500,0.0000,0,9
9,0.0000,0.0000,0,9
10,0.0000,0.0000,0,9
11,0.0000,0.0000,0,9
12,0.0000,0.0000,0,9
13,0.0000,0.0000,0,8
14,16.4990,16.4990,1,9
15,16.4990,16.4990,0,9
16,37.9544,37.9544,1,10
17,17.5415,37.9544,0,11
18,47.1048,47.1048,1,10
19,47.1048,47.1048,0,9
20,47.1048,47.1048,0,10
21,15.3313,47.1048,0,11
22,-10817.7500,47.1048,0,10
23,-10790.5500,47.1048,0,10
24,41.2130,47.1048,0,10
25,47.1048,47.1048,0,11
26,47.1048,47.1048,0,11
27,47.1048,47.1048,0,10
28,17.5415,47.1048,0,11
29,15.4831,47.1048,0,10
30,-4.9644,47.1048,0,10
31,36.6322,47.1048,0,10
32,0.0000,47.1048,0,10
33,47.1048,47.1048,0,10
34,47.1048,47.1048,0,11
35,-4.9644,47.1048,0,10
36,5.1031,47.1048,0,10
37,40.6627,47.1048,0,10
38,47.1048,47.1048,0,9
39,47.1048,47.1048,0,10
40,47.1048,47.1048,0,10
41,47.1048,47.1048,0,10
42,47.1048,47.1048,0,10
43,47.1048,47.1048,0,10
44,47.1048,47.1048,0,10
45,21.2177,47.1048,0,10
46,41.2130,47.1048,0,10
47,11.4730,47.1048,0,10
48,21.2177,47.1048,0,10
49,47.1048,47.1048,0,10
50,33.4517,47.1048,0,10
51,47.1048,47.1048,0,10
52,0.0000,47.1048,0,10
53,47.1048,47.1048,0,11
54,15.3313,47.1048,0,10
55,5.1031,47.1048,0,9
56,46.9503,47.1048,0,10
57,47.1048,47.1048,0,10
58,5.1031,47.1048,0,10
59,47.1048,47.1048,0,11
60,-22.8526,47.1048,0,10
61,0.0000,47.1048,0,10
62,47.1048,47.1048,0,10
63,5.7875,47.1048,0,10
64,47.1162,47.1162,1,10
65,47.1162,47.1162,0,10
66,47.1162,47.1162,0,9
67,47.1162,47.1162,0,9
68,0.0000,47.1162,0,10
69,47.1162,47.1162,0,10
70,11.4730,47.1162,0,10
71,47.1162,47.1162,0,10
72,-10790.6500,47.1162,0,10
73,47.1162,47.1162,0,9
74,0.0000,47.1162,0,9
75,-10790.5500,47.1162,0,10
76,47.1162,47.1162,0,10
77,47.1162,47.1162,0,11
78,47.1162,47.1162,0,11
79,-41.6374,47.1162,0,10
80,-4.9644,47.1162,0,10
81,47.1162,47.1162,0,9
82,11.4730,47.1162,0,10
83,47.1162,47.1162,0,10
84,47.1162,47.1162,0,10
85,47.1162,47.1162,0,10
86,47.1162,47.1162,0,10
87,-4.9644,47.1162,0,10
88,47.1162,47.1162,0,11
89,47.1162,47.1162,0,11
90,47.1162,47.1162,0,9
91,-4.9644,47.1162,0,9
92,41.6973,47.1162,0,11
93,33.4517,47.1162,0,11
94,47.1162,47.1162,0,9
95,-4.9644,47.1162,0,10
96,0.0000,47.1162,0,10
97,47.1162,47.1162,0,10
98,47.1162,47.1162,0,10
99,11.4730,47.1162,0,10
100,-32.3432,47.1162,0,10
101,-10790.5500,47.1162,0,11
102,-4.9644,47.1162,0,10
103,47.1162,47.1162,0,11
104,0.0000,47.1162,0,10
105,47.1162,47.1162,0,9
106,47.1162,47.1162,0,9
107,-4.9644,47.1162,0,9
108,30.9867,47.1162,0,10
109,0.0000,47.1162,0,10
110,-6.9683,47.1162,0,10
111,47.1162,47.1162,0,10
112,47.1162,47.1162,0,10
113,-50.5488,47.1162,0,10
114,32.5611,47.1162,0,10
115,-13.0926,47.1162,0,10
116,-4.9644,47.1162,0,9
117,47.1162,47.1162,0,9
118,0.0000,47.1162,0,10
119,11.4730,47.1162,0,9
120,-32.3432,47.1162,0,10
121,47.1162,47.1162,0,9
122,46.3558,47.1162,0,10
123,47.1162,47.1162,0,10
124,47.1162,47.1162,0,11
125,30.9867,47.1162,0,10
126,47.1162,47.1162,0,10
127,15.7339,47.1162,0,10
128,0.0000,47.1162,0,10
129,47.1162,47.1162,0,10
130,47.1162,47.1162,0,10
131,-32.3432,47.1162,0,10
132,-41.6374,47.1162,0,10
133,-10790.5500,47.1162,0,10
134,47.1162,47.1162,0,9
135,-10790.5500,47.1162,0,10
136,47.1162,47.1162,0,11
137,-12.0473,47.1162,0,10
138,-32.3432,47.1162,0,11
139,-70.7139,47.1162,0,10
140,-6.9683,47.1162,0,10
141,47.1162,47.1162,0,11
142,41.2130,47.1162,0,11
143,-4.9644,47.1162,0,10
144,0.0000,47.1162,0,10
145,47.1162,47.1162,0,9
146,47.1162,47.1162,0,10
147,41.6973,47.1162,0,10
148,11.4730,47.1162,0,9
149,47.1162,47.1162,0,11
150,47.1162,47.1162,0,11
151,-12.0473,47.1162,0,10
152,47.1162,47.1162,0,11
153,47.1162,47.1162,0,10
154,-10790.5500,47.1162,0,10
155,0.0000,47.1162,0,10
156,47.1162,47.1162,0,10
157,-4.9644,47.1162,0,9
158,-10790.5500,47.1162,0,10
159,-10790.5500,47.1162,0,10
160,47.1162,47.1162,0,10
161,47.1162,47.1162,0,11
162,47.1162,47.1162,0,9
163,47.1162,47.1162,0,10
164,-4.9644,47.1162,0,10
165,11.4730,47.1162,0,9
166,47.1162,47.1162,0,10
167,47.1162,47.1162,0,11
168,41.6973,47.1162,0,10
169,-41.6374,47.1162,0,11
170,47.1162,47.1162,0,11
171,47.1162,47.1162,0,11
172,11.4730,47.1162,0,9
173,-10790.6500,47.1162,0,10
174,-10790.6500,47.1162,0,10
175,11.4730,47.1162,0,10
176,47.1162,47.1162,0,11
177,-4.9644,47.1162,0,10
178,-10790.5500,47.1162,0,10
179,-4.9644,47.1162,0,9
180,47.1162,47.1162,0,10
181,21.8932,47.1162,0,10
182,47.1162,47.1162,0,11
183,-4.9644,47.1162,0,10
184,-32.3432,47.1162,0,11
185,47.1162,47.1162,0,11
186,-4.9644,47.1162,0,10
187,-8694.4077,47.1162,0,11
188,11.4730,47.1162,0,9
189,47.1162,47.1162,0,11
190,47.1162,47.1162,0,10
191,1.1593,47.1162,0,10
192,47.1162,47.1162,0,11
193,-10790.5500,47.1162,0,9
194,47.1162,47.1162,0,11
195,11.4730,47.1162,0,10
196,47.1162,47.1162,0,9
197,11.4730,47.1162,0,9
198,-61.3002,47.1162,0,11
199,47.1162,47.1162,0,10
200,21.8932,47.1162,0,10
201,11.4730,47.1162,0,9
202,33.4517,47.1162,0,10
203,47.1162,47.1162,0,10
204,-10790.6500,47.1162,0,10
205,47.1162,47.1162,0,10
206,47.1048,47.1162,0,10
207,-10790.5500,47.1162,0,11
208,0.0000,47.1162,0,10
209,47.1162,47.1162,0,11
210,0.0000,47.1162,0,10
211,47.1162,47.1162,0,10
212,-32.3432,47.1162,0,10
213,47.1162,47.1162,0,10
214,47.4015,47.4015,1,10
215,47.4015,47.4015,0,10
216,47.4015,47.4015,0,11
217,21.2143,47.4015,0,10
218,-2136.0896,47.4015,0,10
219,-2168.0184,47.4015,0,9
220,47.4015,47.4015,0,10
221,21.2143,47.4015,0,10
222,-10790.6500,47.4015,0,10
223,47.1162,47.4015,0,9
224,20.1362,47.4015,0,11
225,47.4015,47.4015,0,9
226,47.4015,47.4015,0,11
227,-10790.6500,47.4015,0,9
228,-42.6916,47.4015,0,10
229,47.4015,47.4015,0,11
230,47.4015,47.4015,0,10
231,-62.0781,47.4015,0,10
232,47.4015,47.4015,0,11
233,20.1362,47.4015,0,10
234,-10790.6500,47.4015,0,10
235,47.4015,47.4015,0,9
236,47.4015,47.4015,0,10
237,-10790.6500,47.4015,0,10
238,18.0602,47.4015,0,10
239,-2133.8818,47.4015,0,10
240,47.4015,47.4015,0,10
241,47.4015,47.4015,0,11
242,47.1162,47.4015,0,10
243,-2133.8818,47.4015,0,11
244,47.4015,47.4015,0,10
245,20.1362,47.4015,0,10
246,47.4015,47.4015,0,11
247,-2168.0184,47.4015,0,10
248,-2168.0184,47.4015,0,9
249,47.4015,47.4015,0,11
250,47.1162,47.4015,0,10
251,20.1362,47.4015,0,10
252,-2168.0184,47.4015,0,10
253,47.4015,47.4015,0,10
254,-42.6916,47.4015,0,10
255,47.4015,47.4015,0,10
256,47.1162,47.4015,0,9
257,-2168.0184,47.4015,0,10
258,-2168.0184,47.4015,0,9
259,47.4015,47.4015,0,9
260,-10790.6500,47.4015,0,10
261,47.4015,47.4015,0,11
262,47.4015,47.4015,0,11
263,38.0307,47.4015,0,10
264,47.4015,47.4015,0,9
265,47.4015,47.4015,0,9
266,-10790.6500,47.4015,0,10
267,47.4015,47.4015,0,11
268,-10768.5500,47.4015,0,10
269,47.4015,47.4015,0,11
270,16.4818,47.4015,0,11
271,47.1162,47.4015,0,10
272,20.1362,47.4015,0,10
273,47.4015,47.4015,0,9
274,-62.0781,47.4015,0,10
275,21.8932,47.4015,0,10
276,21.2143,47.4015,0,10
277,47.4015,47.4015,0,10
278,20.5543,47.4015,0,10
279,20.1362,47.4015,0,11
280,-10790.6500,47.4015,0,9
281,46.9503,47.4015,0,10
282,20.1362,47.4015,0,11
283,47.4015,47.4015,0,11
284,-10790.6500,47.4015,0,9
285,42.4212,47.4015,0,10
286,47.4015,47.4015,0,11
287,21.2143,47.4015,0,9
288,47.4015,47.4015,0,11
289,11.6671,47.4015,0,11
290,47.4015,47.4015,0,9
291,42.4212,47.4015,0,11
292,47.4015,47.4015,0,9
293,47.4015,47.4015,0,10
294,47.1162,47.4015,0,9
295,47.4015,47.4015,0,10
296,-2168.0184,47.4015,0,9
297,47.4015,47.4015,0,10
298,-10768.5500,47.4015,0,11
299,25.8214,47.4015,0,10
